skus,new_price
dec_stones_blue_slate_1kg,7.29
AGGREGATE_BLUE_SLATE-1KG,7.29
blue_slate_1kg,7.29
dec_stones_blue_slate_5kg,9.99
AGGREGATE_BLUE_SLATE-5KG,9.99
blue_slate_5kg,9.99
dec_stones_blue_slate_10kg,10.99
AGGREGATE_BLUE_SLATE-10KG,10.99
blue_slate_10kg,10.99
dec_stones_blue_slate_20kg_01,15.89
AGGREGATE_BLUE_SLATE-20KG-01,15.89
blue_slate_20kg_01,15.89
dec_stones_blue_slate_20kg_02,31.79
AGGREGATE_BLUE_SLATE-20KG-02,31.79
blue_slate_20kg_02,31.79
dec_stones_blue_slate_20kg_03,47.79
AGGREGATE_BLUE_SLATE-20KG-03,47.79
blue_slate_20kg_03,47.79